{"cameraMode":{"drawMode":0,"name":"Shaded","section":"Shading Mode"},"sceneLighting":false,"audioPlay":false,"sceneViewState":{"m_AlwaysRefresh":false,"showFog":true,"showSkybox":false,"showFlares":true,"showImageEffects":true,"showParticleSystems":true,"showVisualEffectGraphs":true,"m_FxEnabled":true},"in2DMode":false,"pivot":{"x":0.49569863080978396,"y":0.5569847822189331,"z":-0.9970672130584717},"rotation":{"x":0.14614112675189973,"y":-0.14247187972068788,"z":0.02121366374194622,"w":0.9787073731422424},"size":1.2247449159622193,"orthographic":false}