{"cameraMode":{"drawMode":0,"name":"Shaded","section":"Shading Mode"},"sceneLighting":false,"audioPlay":false,"sceneViewState":{"m_AlwaysRefresh":false,"showFog":true,"showSkybox":false,"showFlares":true,"showImageEffects":true,"showParticleSystems":true,"showVisualEffectGraphs":true,"m_FxEnabled":true},"in2DMode":false,"pivot":{"x":0.40404748916625979,"y":0.20437900722026826,"z":0.13430634140968324},"rotation":{"x":0.19471710920333863,"y":-0.6888106465339661,"z":0.20042946934700013,"w":0.6688962578773499},"size":0.08660253882408142,"orthographic":false}