{"cameraMode":{"drawMode":0,"name":"Shaded","section":"Shading Mode"},"sceneLighting":true,"audioPlay":false,"sceneViewState":{"m_AlwaysRefresh":false,"showFog":true,"showSkybox":true,"showFlares":true,"showImageEffects":true,"showParticleSystems":true,"showVisualEffectGraphs":true,"m_FxEnabled":true},"in2DMode":false,"pivot":{"x":-25.284740447998048,"y":3.0744130611419679,"z":13.261159896850586},"rotation":{"x":0.3395301103591919,"y":-0.32236266136169436,"z":0.12502171099185944,"w":0.8747337460517883},"size":11.411661148071289,"orthographic":false}