{"cameraMode":{"drawMode":0,"name":"Shaded","section":"Shading Mode"},"sceneLighting":false,"audioPlay":false,"sceneViewState":{"m_AlwaysRefresh":false,"showFog":true,"showSkybox":false,"showFlares":true,"showImageEffects":true,"showParticleSystems":true,"showVisualEffectGraphs":true,"m_FxEnabled":true},"in2DMode":false,"pivot":{"x":-0.004013396799564362,"y":-0.0036158710718154909,"z":0.02346038818359375},"rotation":{"x":0.2638525068759918,"y":-0.6252754926681519,"z":0.2372250258922577,"w":0.6950758099555969},"size":0.3818916082382202,"orthographic":false}